{
    "root_group": {
        "name": "",
        "path": "",
        "id": "d41d8cd98f00b204e9800998ecf8427e",
        "groups": {},
        "checks": {
                "status was 200": {
                    "name": "status was 200",
                    "path": "::status was 200",
                    "id": "1461660757a913d4fb82ac4c5e1009de",
                    "passes": 1069,
                    "fails": 0
                }
            }
    },
    "metrics": {
        "vus": {
            "min": 1,
            "max": 49,
            "value": 12
        },
        "data_sent": {
            "rate": 1611.6992273695332,
            "count": 130914
        },
        "http_req_duration{expected_response:true}": {
            "p(90)": 268.4260934,
            "p(95)": 334.6267273999999,
            "avg": 273.95683601216115,
            "min": 221.505487,
            "med": 251.521463,
            "max": 1426.331636
        },
        "http_req_sending": {
            "avg": 0.012116187090739012,
            "min": 0.003738,
            "med": 0.010717,
            "max": 0.064099,
            "p(90)": 0.016387600000000002,
            "p(95)": 0.025326199999999962
        },
        "data_received": {
            "count": 10808153,
            "rate": 133060.57289053657
        },
        "vus_max": {
            "value": 50,
            "min": 50,
            "max": 50
        },
        "http_req_receiving": {
            "max": 252.191557,
            "p(90)": 0.31235140000000017,
            "p(95)": 1.0785519999999995,
            "avg": 1.9451776632366702,
            "min": 0.014875,
            "med": 0.049251
        },
        "http_req_duration": {
            "max": 1426.331636,
            "p(90)": 268.4260934,
            "p(95)": 334.6267273999999,
            "avg": 273.95683601216115,
            "min": 221.505487,
            "med": 251.521463
        },
        "http_req_failed": {
            "passes": 0,
            "fails": 1069,
            "value": 0
        },
        "http_req_tls_handshaking": {
            "avg": 12.088987218896163,
            "min": 0,
            "med": 0,
            "max": 706.72579,
            "p(90)": 0,
            "p(95)": 0
        },
        "http_req_waiting": {
            "avg": 271.99954216183363,
            "min": 221.43448,
            "med": 251.018591,
            "max": 1426.282254,
            "p(90)": 267.63362700000005,
            "p(95)": 298.08840679999963
        },
        "checks": {
            "passes": 1069,
            "fails": 0,
            "value": 1
        },
        "http_req_blocked": {
            "p(90)": 0.004372600000000002,
            "p(95)": 0.01685419999999996,
            "avg": 24.513300845650157,
            "min": 0.000972,
            "med": 0.002843,
            "max": 1177.50886
        },
        "http_reqs": {
            "count": 1069,
            "rate": 13.16059759886667
        },
        "http_req_connecting": {
            "min": 0,
            "med": 0,
            "max": 926.17905,
            "p(90)": 0,
            "p(95)": 0,
            "avg": 12.337057920486439
        },
        "iteration_duration": {
            "min": 1222.149219,
            "med": 1253.084227,
            "max": 2619.32107,
            "p(90)": 1300.9028642000003,
            "p(95)": 1705.4794338,
            "avg": 1299.1593874976618
        },
        "iterations": {
            "count": 1069,
            "rate": 13.16059759886667
        }
    }
}